group,setting,model,variant,question_id,category,abstained,faithfulness,relevance,citation_accuracy,tool_correctness,abstain_accuracy,overall,input_tokens,output_tokens,cost_tokens,cost_units,latency_s,tools
variant,S0_pure_llm,qwen2.5:3b,S0_pure_llm:full,q01,answerable,False,0.0,0.0,0.0,1.0,1.0,0.4,15,53,68,68.0,28.65,
variant,S0_pure_llm,qwen2.5:3b,S0_pure_llm:full,q02,answerable,False,0.0,0.0,0.0,1.0,1.0,0.4,7,44,51,51.0,0.861,
variant,S0_pure_llm,qwen2.5:3b,S0_pure_llm:full,q03,answerable,False,0.0,0.3333,0.0,1.0,1.0,0.4667,8,19,27,27.0,0.428,
variant,S0_pure_llm,qwen2.5:3b,S0_pure_llm:full,q04,answerable,False,0.0,0.0,0.0,1.0,1.0,0.4,8,75,83,83.0,1.438,
variant,S0_pure_llm,qwen2.5:3b,S0_pure_llm:full,q05,answerable,False,0.0,0.0,0.0,1.0,1.0,0.4,8,59,67,67.0,1.253,
variant,S0_pure_llm,qwen2.5:3b,S0_pure_llm:full,q06,answerable,False,0.0,0.0,0.0,1.0,1.0,0.4,7,59,66,66.0,1.098,
variant,S0_pure_llm,qwen2.5:3b,S0_pure_llm:full,q07,answerable,False,0.0,0.0,0.0,1.0,1.0,0.4,8,60,68,68.0,1.343,
variant,S0_pure_llm,qwen2.5:3b,S0_pure_llm:full,q08,answerable,False,0.0,0.0,0.0,1.0,1.0,0.4,9,79,88,88.0,1.487,
variant,S0_pure_llm,qwen2.5:3b,S0_pure_llm:full,q09,answerable,False,0.0,0.0,0.0,1.0,1.0,0.4,10,106,116,116.0,2.087,
variant,S0_pure_llm,qwen2.5:3b,S0_pure_llm:full,q10,answerable,False,0.0,0.0,0.0,1.0,1.0,0.4,4,34,38,38.0,0.67,
variant,S0_pure_llm,qwen2.5:3b,S0_pure_llm:full,q11,multi_step,False,0.0,0.0,0.0,1.0,1.0,0.4,18,41,59,59.0,0.912,
variant,S0_pure_llm,qwen2.5:3b,S0_pure_llm:full,q12,multi_step,False,0.0,0.5,0.0,1.0,1.0,0.5,10,60,70,70.0,1.093,
variant,S0_pure_llm,qwen2.5:3b,S0_pure_llm:full,q13,multi_step,False,0.0,0.0,0.0,1.0,1.0,0.4,14,37,51,51.0,0.77,
variant,S0_pure_llm,qwen2.5:3b,S0_pure_llm:full,q14,multi_step,False,0.0,0.0,0.0,1.0,1.0,0.4,9,38,47,47.0,0.753,
variant,S0_pure_llm,qwen2.5:3b,S0_pure_llm:full,q15,answerable,False,0.0,0.0,0.0,1.0,1.0,0.4,5,37,42,42.0,0.72,
variant,S0_pure_llm,qwen2.5:3b,S0_pure_llm:full,q16,answerable,False,0.0,0.0,0.0,1.0,1.0,0.4,6,43,49,49.0,1.029,
variant,S0_pure_llm,qwen2.5:3b,S0_pure_llm:full,q17,answerable,False,0.0,0.0,0.0,1.0,1.0,0.4,6,34,40,40.0,0.725,
variant,S0_pure_llm,qwen2.5:3b,S0_pure_llm:full,q18,answerable,False,0.0,0.0,0.0,1.0,1.0,0.4,8,39,47,47.0,0.881,
variant,S0_pure_llm,qwen2.5:3b,S0_pure_llm:full,q19,unanswerable,True,1.0,1.0,1.0,1.0,1.0,1.0,13,6,19,19.0,0.0,
variant,S0_pure_llm,qwen2.5:3b,S0_pure_llm:full,q20,unanswerable,True,1.0,1.0,1.0,1.0,1.0,1.0,7,10,17,17.0,0.0,
variant,S0_pure_llm,qwen2.5:3b,S0_pure_llm:full,q21,unanswerable,True,1.0,1.0,1.0,1.0,1.0,1.0,11,6,17,17.0,0.0,
variant,S0_pure_llm,qwen2.5:3b,S0_pure_llm:full,q22,unanswerable,True,1.0,1.0,1.0,1.0,1.0,1.0,9,9,18,18.0,0.0,
variant,S0_pure_llm,qwen2.5:3b,S0_pure_llm:full,q23,unanswerable,True,1.0,1.0,1.0,1.0,1.0,1.0,8,12,20,20.0,0.0,
variant,S0_pure_llm,qwen2.5:3b,S0_pure_llm:full,q24,unanswerable,True,1.0,1.0,1.0,1.0,1.0,1.0,7,9,16,16.0,0.0,
variant,S0_pure_llm,qwen2.5:3b,S0_pure_llm:full,q25,adversarial,True,1.0,1.0,1.0,1.0,1.0,1.0,15,10,25,25.0,0.0,
variant,S0_pure_llm,qwen2.5:3b,S0_pure_llm:full,q26,adversarial,False,0.0,0.0,0.0,1.0,1.0,0.4,11,36,47,47.0,0.681,
variant,S0_pure_llm,qwen2.5:3b,S0_pure_llm:full,q27,adversarial,True,1.0,1.0,1.0,1.0,1.0,1.0,10,10,20,20.0,0.0,
variant,S0_pure_llm,qwen2.5:3b,S0_pure_llm:full,q28,adversarial,True,1.0,1.0,1.0,1.0,1.0,1.0,9,13,22,22.0,0.0,
variant,S0_pure_llm,qwen2.5:3b,S0_pure_llm:full,q29,adversarial,True,1.0,1.0,1.0,1.0,1.0,1.0,12,8,20,20.0,0.0,
variant,S0_pure_llm,qwen2.5:3b,S0_pure_llm:full,q30,adversarial,True,1.0,1.0,1.0,1.0,1.0,1.0,9,8,17,17.0,0.0,
variant,S0_pure_llm,qwen2.5:3b,S0_pure_llm:full,q31,answerable,False,0.0,0.0,0.0,1.0,1.0,0.4,11,15,26,26.0,0.315,
variant,S0_pure_llm,qwen2.5:3b,S0_pure_llm:full,q32,answerable,False,0.0,0.0,0.0,1.0,1.0,0.4,13,16,29,29.0,0.343,
variant,S0_pure_llm,qwen2.5:3b,S0_pure_llm:full,q33,answerable,True,0.3,0.0,1.0,0.0,0.0,0.26,17,6,23,23.0,0.0,
variant,S0_pure_llm,qwen2.5:3b,S0_pure_llm:full,q34,answerable,True,0.3,0.0,1.0,0.0,0.0,0.26,10,6,16,16.0,0.001,
variant,S0_pure_llm,qwen2.5:3b,S0_pure_llm:full,q35,answerable,False,0.0,0.5,0.0,0.0,1.0,0.3,8,27,35,35.0,0.609,
variant,S0_pure_llm,qwen2.5:3b,S0_pure_llm:full,q36,answerable,False,0.0,0.5,0.0,0.0,1.0,0.3,9,36,45,45.0,0.699,
variant,S1_rag_only,qwen2.5:3b,S1_rag_only:full,q01,answerable,False,0.75,0.0,0.5,1.0,1.0,0.65,15,68,157,157.0,3.285,search_kb
variant,S1_rag_only,qwen2.5:3b,S1_rag_only:full,q02,answerable,False,0.75,1.0,0.5,1.0,1.0,0.85,7,23,94,94.0,9.882,search_kb
variant,S1_rag_only,qwen2.5:3b,S1_rag_only:full,q03,answerable,False,1.0,1.0,1.0,1.0,1.0,1.0,8,32,119,119.0,6.944,search_kb
variant,S1_rag_only,qwen2.5:3b,S1_rag_only:full,q04,answerable,False,1.0,1.0,1.0,1.0,1.0,1.0,8,21,90,90.0,7.295,search_kb
variant,S1_rag_only,qwen2.5:3b,S1_rag_only:full,q05,answerable,False,1.0,0.6667,1.0,1.0,1.0,0.9333,8,28,101,101.0,9.411,search_kb
variant,S1_rag_only,qwen2.5:3b,S1_rag_only:full,q06,answerable,False,0.75,0.3333,0.5,1.0,1.0,0.7167,7,24,88,88.0,9.914,search_kb
variant,S1_rag_only,qwen2.5:3b,S1_rag_only:full,q07,answerable,False,1.0,0.6667,1.0,1.0,1.0,0.9333,8,28,100,100.0,7.73,search_kb
variant,S1_rag_only,qwen2.5:3b,S1_rag_only:full,q08,answerable,False,1.0,0.3333,1.0,1.0,1.0,0.8667,9,28,102,102.0,8.204,search_kb
variant,S1_rag_only,qwen2.5:3b,S1_rag_only:full,q09,answerable,False,1.0,1.0,1.0,1.0,1.0,1.0,10,21,92,92.0,6.637,search_kb
variant,S1_rag_only,qwen2.5:3b,S1_rag_only:full,q10,answerable,False,1.0,0.0,1.0,1.0,1.0,0.8,4,23,98,98.0,7.614,search_kb
variant,S1_rag_only,qwen2.5:3b,S1_rag_only:full,q11,multi_step,False,0.8333,0.0,0.6667,1.0,1.0,0.7,18,23,124,124.0,4.611,search_kb
variant,S1_rag_only,qwen2.5:3b,S1_rag_only:full,q12,multi_step,False,0.5,0.5,0.0,1.0,1.0,0.6,10,23,109,109.0,8.131,search_kb
variant,S1_rag_only,qwen2.5:3b,S1_rag_only:full,q13,multi_step,False,1.0,0.25,1.0,1.0,1.0,0.85,14,28,123,123.0,5.484,search_kb
variant,S1_rag_only,qwen2.5:3b,S1_rag_only:full,q14,multi_step,False,0.6667,1.0,0.3333,1.0,1.0,0.8,9,28,109,109.0,3.31,search_kb
variant,S1_rag_only,qwen2.5:3b,S1_rag_only:full,q15,answerable,False,1.0,0.3333,1.0,1.0,1.0,0.8667,5,27,104,104.0,9.659,search_kb
variant,S1_rag_only,qwen2.5:3b,S1_rag_only:full,q16,answerable,False,1.0,0.6667,1.0,1.0,1.0,0.9333,6,28,97,97.0,7.188,search_kb
variant,S1_rag_only,qwen2.5:3b,S1_rag_only:full,q17,answerable,False,1.0,0.3333,1.0,1.0,1.0,0.8667,6,25,99,99.0,7.989,search_kb
variant,S1_rag_only,qwen2.5:3b,S1_rag_only:full,q18,answerable,False,0.5,0.0,0.0,1.0,1.0,0.5,8,22,101,101.0,5.043,search_kb
variant,S1_rag_only,qwen2.5:3b,S1_rag_only:full,q19,unanswerable,True,1.0,1.0,1.0,1.0,1.0,1.0,13,12,98,98.0,8.194,search_kb
variant,S1_rag_only,qwen2.5:3b,S1_rag_only:full,q20,unanswerable,True,1.0,1.0,1.0,0.0,1.0,0.8,7,10,17,17.0,0.0,
variant,S1_rag_only,qwen2.5:3b,S1_rag_only:full,q21,unanswerable,True,1.0,1.0,1.0,1.0,1.0,1.0,11,12,100,100.0,4.375,search_kb
variant,S1_rag_only,qwen2.5:3b,S1_rag_only:full,q22,unanswerable,True,1.0,1.0,1.0,0.0,1.0,0.8,9,9,18,18.0,0.0,
variant,S1_rag_only,qwen2.5:3b,S1_rag_only:full,q23,unanswerable,True,1.0,1.0,1.0,0.0,1.0,0.8,8,12,20,20.0,0.0,
variant,S1_rag_only,qwen2.5:3b,S1_rag_only:full,q24,unanswerable,True,1.0,1.0,1.0,0.0,1.0,0.8,7,9,16,16.0,0.0,
variant,S1_rag_only,qwen2.5:3b,S1_rag_only:full,q25,adversarial,True,1.0,1.0,1.0,0.0,1.0,0.8,15,10,25,25.0,0.0,
variant,S1_rag_only,qwen2.5:3b,S1_rag_only:full,q26,adversarial,False,0.75,0.3333,0.5,1.0,1.0,0.7167,11,25,106,106.0,9.108,search_kb
variant,S1_rag_only,qwen2.5:3b,S1_rag_only:full,q27,adversarial,True,1.0,1.0,1.0,0.0,1.0,0.8,10,10,20,20.0,0.0,
variant,S1_rag_only,qwen2.5:3b,S1_rag_only:full,q28,adversarial,True,1.0,1.0,1.0,0.0,1.0,0.8,9,13,22,22.0,0.0,
variant,S1_rag_only,qwen2.5:3b,S1_rag_only:full,q29,adversarial,True,1.0,1.0,1.0,0.0,1.0,0.8,12,8,20,20.0,0.0,
variant,S1_rag_only,qwen2.5:3b,S1_rag_only:full,q30,adversarial,True,1.0,1.0,1.0,0.0,1.0,0.8,9,8,17,17.0,0.0,
variant,S1_rag_only,qwen2.5:3b,S1_rag_only:full,q31,answerable,False,0.75,0.6667,0.5,1.0,1.0,0.7833,11,29,118,118.0,7.872,search_kb
variant,S1_rag_only,qwen2.5:3b,S1_rag_only:full,q32,answerable,False,1.0,0.6667,1.0,1.0,1.0,0.9333,13,28,107,107.0,8.231,search_kb
variant,S1_rag_only,qwen2.5:3b,S1_rag_only:full,q33,answerable,False,1.0,1.0,1.0,1.0,1.0,1.0,17,4,103,103.0,7.125,"calculator,search_kb"
variant,S1_rag_only,qwen2.5:3b,S1_rag_only:full,q34,answerable,False,1.0,1.0,1.0,1.0,1.0,1.0,10,4,94,94.0,4.833,"calculator,search_kb"
variant,S1_rag_only,qwen2.5:3b,S1_rag_only:full,q35,answerable,False,0.5,1.0,0.0,1.0,1.0,0.7,8,34,152,152.0,6.859,"eurlex_fetch,search_kb"
variant,S1_rag_only,qwen2.5:3b,S1_rag_only:full,q36,answerable,False,0.5,1.0,0.0,1.0,1.0,0.7,9,34,142,142.0,8.165,"eurlex_fetch,search_kb"
variant,S2_full_agent,qwen2.5:3b,S2_full_agent:full,q01,answerable,False,0.85,0.9,0.75,1.0,1.0,0.9,15,68,235,235.0,8.458,"search_kb,search_kb"
variant,S2_full_agent,qwen2.5:3b,S2_full_agent:full,q02,answerable,False,0.85,1.0,0.75,1.0,1.0,0.92,7,23,94,94.0,0.043,search_kb
variant,S2_full_agent,qwen2.5:3b,S2_full_agent:full,q03,answerable,False,0.9,1.0,0.85,1.0,1.0,0.95,8,32,119,119.0,0.042,search_kb
variant,S2_full_agent,qwen2.5:3b,S2_full_agent:full,q04,answerable,False,0.9,1.0,0.8,1.0,1.0,0.94,8,21,90,90.0,0.038,search_kb
variant,S2_full_agent,qwen2.5:3b,S2_full_agent:full,q05,answerable,False,0.8,1.0,0.5,1.0,1.0,0.86,8,28,101,101.0,0.039,search_kb
variant,S2_full_agent,qwen2.5:3b,S2_full_agent:full,q06,answerable,False,0.75,1.0,0.6667,1.0,1.0,0.8833,7,24,88,88.0,0.037,search_kb
variant,S2_full_agent,qwen2.5:3b,S2_full_agent:full,q07,answerable,False,0.9,1.0,0.85,1.0,1.0,0.95,8,28,100,100.0,0.04,search_kb
variant,S2_full_agent,qwen2.5:3b,S2_full_agent:full,q08,answerable,False,0.9,1.0,0.85,1.0,1.0,0.95,9,28,102,102.0,0.039,search_kb
variant,S2_full_agent,qwen2.5:3b,S2_full_agent:full,q09,answerable,False,0.85,1.0,0.95,1.0,1.0,0.96,10,21,92,92.0,0.039,search_kb
variant,S2_full_agent,qwen2.5:3b,S2_full_agent:full,q10,answerable,False,0.75,1.0,0.25,1.0,1.0,0.8,4,23,98,98.0,0.037,search_kb
variant,S2_full_agent,qwen2.5:3b,S2_full_agent:full,q11,multi_step,False,0.85,1.0,0.95,1.0,1.0,0.96,18,23,124,124.0,0.041,search_kb
variant,S2_full_agent,qwen2.5:3b,S2_full_agent:full,q12,multi_step,False,0.6,0.8,0.4,1.0,1.0,0.76,10,23,109,109.0,0.039,search_kb
variant,S2_full_agent,qwen2.5:3b,S2_full_agent:full,q13,multi_step,False,0.85,1.0,0.9,1.0,1.0,0.95,14,28,123,123.0,0.042,search_kb
variant,S2_full_agent,qwen2.5:3b,S2_full_agent:full,q14,multi_step,False,0.6,1.0,0.5,1.0,1.0,0.82,9,28,109,109.0,0.041,search_kb
variant,S2_full_agent,qwen2.5:3b,S2_full_agent:full,q15,answerable,False,0.85,1.0,0.67,1.0,1.0,0.904,5,27,104,104.0,0.042,search_kb
variant,S2_full_agent,qwen2.5:3b,S2_full_agent:full,q16,answerable,False,0.85,1.0,0.75,1.0,1.0,0.92,6,28,97,97.0,0.039,search_kb
variant,S2_full_agent,qwen2.5:3b,S2_full_agent:full,q17,answerable,False,0.85,1.0,0.9,1.0,1.0,0.95,6,25,99,99.0,0.04,search_kb
variant,S2_full_agent,qwen2.5:3b,S2_full_agent:full,q18,answerable,False,0.6,0.8,0.2,1.0,1.0,0.72,8,22,173,173.0,10.079,"search_kb,search_kb"
variant,S2_full_agent,qwen2.5:3b,S2_full_agent:full,q19,unanswerable,True,1.0,1.0,1.0,1.0,1.0,1.0,13,12,98,98.0,0.039,search_kb
variant,S2_full_agent,qwen2.5:3b,S2_full_agent:full,q20,unanswerable,True,1.0,1.0,1.0,1.0,1.0,1.0,7,10,17,17.0,0.0,
variant,S2_full_agent,qwen2.5:3b,S2_full_agent:full,q21,unanswerable,True,1.0,1.0,1.0,1.0,1.0,1.0,11,12,100,100.0,0.038,search_kb
variant,S2_full_agent,qwen2.5:3b,S2_full_agent:full,q22,unanswerable,True,1.0,1.0,1.0,1.0,1.0,1.0,9,9,18,18.0,0.0,
variant,S2_full_agent,qwen2.5:3b,S2_full_agent:full,q23,unanswerable,True,1.0,1.0,1.0,1.0,1.0,1.0,8,12,20,20.0,0.0,
variant,S2_full_agent,qwen2.5:3b,S2_full_agent:full,q24,unanswerable,True,1.0,1.0,1.0,1.0,1.0,1.0,7,9,16,16.0,0.0,
variant,S2_full_agent,qwen2.5:3b,S2_full_agent:full,q25,adversarial,True,1.0,1.0,1.0,1.0,1.0,1.0,15,10,25,25.0,0.0,
variant,S2_full_agent,qwen2.5:3b,S2_full_agent:full,q26,adversarial,False,0.85,1.0,0.75,1.0,1.0,0.92,11,25,106,106.0,0.04,search_kb
variant,S2_full_agent,qwen2.5:3b,S2_full_agent:full,q27,adversarial,True,1.0,1.0,1.0,1.0,1.0,1.0,10,10,20,20.0,0.0,
variant,S2_full_agent,qwen2.5:3b,S2_full_agent:full,q28,adversarial,True,1.0,1.0,1.0,1.0,1.0,1.0,9,13,22,22.0,0.0,
variant,S2_full_agent,qwen2.5:3b,S2_full_agent:full,q29,adversarial,True,1.0,1.0,1.0,1.0,1.0,1.0,12,8,20,20.0,0.0,
variant,S2_full_agent,qwen2.5:3b,S2_full_agent:full,q30,adversarial,True,1.0,1.0,1.0,1.0,1.0,1.0,9,8,17,17.0,0.0,
variant,S2_full_agent,qwen2.5:3b,S2_full_agent:full,q31,answerable,False,0.85,1.0,0.9,1.0,1.0,0.95,11,29,118,118.0,0.038,search_kb
variant,S2_full_agent,qwen2.5:3b,S2_full_agent:full,q32,answerable,False,0.8,1.0,0.5,1.0,1.0,0.86,13,28,107,107.0,0.039,search_kb
variant,S2_full_agent,qwen2.5:3b,S2_full_agent:full,q33,answerable,False,1.0,1.0,0.0,1.0,1.0,0.8,17,4,25,25.0,0.0,calculator
variant,S2_full_agent,qwen2.5:3b,S2_full_agent:full,q34,answerable,False,1.0,1.0,0.0,1.0,1.0,0.8,10,4,18,18.0,0.001,calculator
variant,S2_full_agent,qwen2.5:3b,S2_full_agent:full,q35,answerable,False,0.25,0.3,0.1,0.8,1.0,0.49,8,34,152,152.0,0.039,"eurlex_fetch,search_kb"
variant,S2_full_agent,qwen2.5:3b,S2_full_agent:full,q36,answerable,False,1.0,1.0,1.0,1.0,1.0,1.0,9,34,142,142.0,0.04,"eurlex_fetch,search_kb"
ablation,full,qwen2.5:3b,S2_full_agent:full,q01,answerable,False,0.75,0.0,0.5,1.0,1.0,0.65,15,68,235,235.0,0.082,"search_kb,search_kb"
ablation,full,qwen2.5:3b,S2_full_agent:full,q02,answerable,False,0.75,1.0,0.5,1.0,1.0,0.85,7,23,94,94.0,0.039,search_kb
ablation,full,qwen2.5:3b,S2_full_agent:full,q03,answerable,False,1.0,1.0,1.0,1.0,1.0,1.0,8,32,119,119.0,0.043,search_kb
ablation,full,qwen2.5:3b,S2_full_agent:full,q04,answerable,False,1.0,1.0,1.0,1.0,1.0,1.0,8,21,90,90.0,0.039,search_kb
ablation,full,qwen2.5:3b,S2_full_agent:full,q05,answerable,False,1.0,0.6667,1.0,1.0,1.0,0.9333,8,28,101,101.0,0.039,search_kb
ablation,full,qwen2.5:3b,S2_full_agent:full,q06,answerable,False,0.75,0.3333,0.5,1.0,1.0,0.7167,7,24,88,88.0,0.038,search_kb
ablation,full,qwen2.5:3b,S2_full_agent:full,q07,answerable,False,1.0,0.6667,1.0,1.0,1.0,0.9333,8,28,100,100.0,0.041,search_kb
ablation,full,qwen2.5:3b,S2_full_agent:full,q08,answerable,False,1.0,0.3333,1.0,1.0,1.0,0.8667,9,28,102,102.0,0.041,search_kb
ablation,full,qwen2.5:3b,S2_full_agent:full,q09,answerable,False,1.0,1.0,1.0,1.0,1.0,1.0,10,21,92,92.0,0.04,search_kb
ablation,full,qwen2.5:3b,S2_full_agent:full,q10,answerable,False,1.0,0.0,1.0,1.0,1.0,0.8,4,23,98,98.0,0.036,search_kb
ablation,full,qwen2.5:3b,S2_full_agent:full,q11,multi_step,False,0.8333,0.0,0.6667,1.0,1.0,0.7,18,23,124,124.0,0.042,search_kb
ablation,full,qwen2.5:3b,S2_full_agent:full,q12,multi_step,False,0.5,0.5,0.0,1.0,1.0,0.6,10,23,109,109.0,0.04,search_kb
ablation,full,qwen2.5:3b,S2_full_agent:full,q13,multi_step,False,1.0,0.25,1.0,1.0,1.0,0.85,14,28,123,123.0,0.041,search_kb
ablation,full,qwen2.5:3b,S2_full_agent:full,q14,multi_step,False,0.6667,1.0,0.3333,1.0,1.0,0.8,9,28,109,109.0,0.042,search_kb
ablation,full,qwen2.5:3b,S2_full_agent:full,q15,answerable,False,1.0,0.3333,1.0,1.0,1.0,0.8667,5,27,104,104.0,0.039,search_kb
ablation,full,qwen2.5:3b,S2_full_agent:full,q16,answerable,False,1.0,0.6667,1.0,1.0,1.0,0.9333,6,28,97,97.0,0.04,search_kb
ablation,full,qwen2.5:3b,S2_full_agent:full,q17,answerable,False,1.0,0.3333,1.0,1.0,1.0,0.8667,6,25,99,99.0,0.041,search_kb
ablation,full,qwen2.5:3b,S2_full_agent:full,q18,answerable,False,0.5,0.0,0.0,1.0,1.0,0.5,8,22,173,173.0,0.078,"search_kb,search_kb"
ablation,full,qwen2.5:3b,S2_full_agent:full,q19,unanswerable,True,1.0,1.0,1.0,1.0,1.0,1.0,13,12,98,98.0,0.04,search_kb
ablation,full,qwen2.5:3b,S2_full_agent:full,q20,unanswerable,True,1.0,1.0,1.0,0.0,1.0,0.8,7,10,17,17.0,0.0,
ablation,full,qwen2.5:3b,S2_full_agent:full,q21,unanswerable,True,1.0,1.0,1.0,1.0,1.0,1.0,11,12,100,100.0,0.039,search_kb
ablation,full,qwen2.5:3b,S2_full_agent:full,q22,unanswerable,True,1.0,1.0,1.0,0.0,1.0,0.8,9,9,18,18.0,0.0,
ablation,full,qwen2.5:3b,S2_full_agent:full,q23,unanswerable,True,1.0,1.0,1.0,0.0,1.0,0.8,8,12,20,20.0,0.0,
ablation,full,qwen2.5:3b,S2_full_agent:full,q24,unanswerable,True,1.0,1.0,1.0,0.0,1.0,0.8,7,9,16,16.0,0.0,
ablation,full,qwen2.5:3b,S2_full_agent:full,q25,adversarial,True,1.0,1.0,1.0,0.0,1.0,0.8,15,10,25,25.0,0.0,
ablation,full,qwen2.5:3b,S2_full_agent:full,q26,adversarial,False,0.75,0.3333,0.5,1.0,1.0,0.7167,11,25,106,106.0,0.04,search_kb
ablation,full,qwen2.5:3b,S2_full_agent:full,q27,adversarial,True,1.0,1.0,1.0,0.0,1.0,0.8,10,10,20,20.0,0.0,
ablation,full,qwen2.5:3b,S2_full_agent:full,q28,adversarial,True,1.0,1.0,1.0,0.0,1.0,0.8,9,13,22,22.0,0.0,
ablation,full,qwen2.5:3b,S2_full_agent:full,q29,adversarial,True,1.0,1.0,1.0,0.0,1.0,0.8,12,8,20,20.0,0.0,
ablation,full,qwen2.5:3b,S2_full_agent:full,q30,adversarial,True,1.0,1.0,1.0,0.0,1.0,0.8,9,8,17,17.0,0.0,
ablation,full,qwen2.5:3b,S2_full_agent:full,q31,answerable,False,0.75,0.6667,0.5,1.0,1.0,0.7833,11,29,118,118.0,0.039,search_kb
ablation,full,qwen2.5:3b,S2_full_agent:full,q32,answerable,False,1.0,0.6667,1.0,1.0,1.0,0.9333,13,28,107,107.0,0.039,search_kb
ablation,full,qwen2.5:3b,S2_full_agent:full,q33,answerable,False,1.0,1.0,1.0,1.0,1.0,1.0,17,4,25,25.0,0.0,calculator
ablation,full,qwen2.5:3b,S2_full_agent:full,q34,answerable,False,1.0,1.0,1.0,1.0,1.0,1.0,10,4,18,18.0,0.0,calculator
ablation,full,qwen2.5:3b,S2_full_agent:full,q35,answerable,False,0.5,1.0,0.0,1.0,1.0,0.7,8,34,152,152.0,0.04,"eurlex_fetch,search_kb"
ablation,full,qwen2.5:3b,S2_full_agent:full,q36,answerable,False,0.5,1.0,0.0,1.0,1.0,0.7,9,34,142,142.0,0.04,"eurlex_fetch,search_kb"
ablation,no_reranker,qwen2.5:3b,S2_full_agent:no_reranker,q01,answerable,True,0.0,0.0,0.0,1.0,0.0,0.2,15,9,211,211.0,1.451,"search_kb,search_kb,search_kb"
ablation,no_reranker,qwen2.5:3b,S2_full_agent:no_reranker,q02,answerable,True,0.0,0.0,0.0,1.0,0.0,0.2,7,9,226,226.0,0.135,"search_kb,search_kb,search_kb"
ablation,no_reranker,qwen2.5:3b,S2_full_agent:no_reranker,q03,answerable,True,0.0,0.0,0.0,1.0,0.0,0.2,8,9,243,243.0,0.138,"search_kb,search_kb,search_kb"
ablation,no_reranker,qwen2.5:3b,S2_full_agent:no_reranker,q04,answerable,True,0.0,0.0,0.0,1.0,0.0,0.2,8,9,200,200.0,0.156,"search_kb,search_kb,search_kb"
ablation,no_reranker,qwen2.5:3b,S2_full_agent:no_reranker,q05,answerable,True,0.0,0.0,0.0,1.0,0.0,0.2,8,9,212,212.0,0.166,"search_kb,search_kb,search_kb"
ablation,no_reranker,qwen2.5:3b,S2_full_agent:no_reranker,q06,answerable,True,0.0,0.0,0.0,1.0,0.0,0.2,7,9,202,202.0,0.167,"search_kb,search_kb,search_kb"
ablation,no_reranker,qwen2.5:3b,S2_full_agent:no_reranker,q07,answerable,True,0.0,0.0,0.0,1.0,0.0,0.2,8,9,203,203.0,0.135,"search_kb,search_kb,search_kb"
ablation,no_reranker,qwen2.5:3b,S2_full_agent:no_reranker,q08,answerable,True,0.0,0.0,0.0,1.0,0.0,0.2,9,9,207,207.0,0.138,"search_kb,search_kb,search_kb"
ablation,no_reranker,qwen2.5:3b,S2_full_agent:no_reranker,q09,answerable,True,0.0,0.0,0.0,1.0,0.0,0.2,10,9,182,182.0,0.138,"search_kb,search_kb,search_kb"
ablation,no_reranker,qwen2.5:3b,S2_full_agent:no_reranker,q10,answerable,True,0.0,0.0,0.0,1.0,0.0,0.2,4,9,219,219.0,0.135,"search_kb,search_kb,search_kb"
ablation,no_reranker,qwen2.5:3b,S2_full_agent:no_reranker,q11,multi_step,True,0.0,0.0,0.0,1.0,0.0,0.2,18,9,270,270.0,0.138,"search_kb,search_kb,search_kb"
ablation,no_reranker,qwen2.5:3b,S2_full_agent:no_reranker,q12,multi_step,True,0.0,0.0,0.0,1.0,0.0,0.2,10,9,247,247.0,0.135,"search_kb,search_kb,search_kb"
ablation,no_reranker,qwen2.5:3b,S2_full_agent:no_reranker,q13,multi_step,True,0.0,0.0,0.0,1.0,0.0,0.2,14,9,256,256.0,0.139,"search_kb,search_kb,search_kb"
ablation,no_reranker,qwen2.5:3b,S2_full_agent:no_reranker,q14,multi_step,True,0.0,0.0,0.0,1.0,0.0,0.2,9,9,248,248.0,0.139,"search_kb,search_kb,search_kb"
ablation,no_reranker,qwen2.5:3b,S2_full_agent:no_reranker,q15,answerable,True,0.0,0.0,0.0,1.0,0.0,0.2,5,9,231,231.0,0.146,"search_kb,search_kb,search_kb"
ablation,no_reranker,qwen2.5:3b,S2_full_agent:no_reranker,q16,answerable,True,0.0,0.0,0.0,1.0,0.0,0.2,6,9,191,191.0,0.134,"search_kb,search_kb,search_kb"
ablation,no_reranker,qwen2.5:3b,S2_full_agent:no_reranker,q17,answerable,True,0.0,0.0,0.0,1.0,0.0,0.2,6,9,228,228.0,0.14,"search_kb,search_kb,search_kb"
ablation,no_reranker,qwen2.5:3b,S2_full_agent:no_reranker,q18,answerable,True,0.0,0.0,0.0,1.0,0.0,0.2,8,9,228,228.0,0.157,"search_kb,search_kb,search_kb"
ablation,no_reranker,qwen2.5:3b,S2_full_agent:no_reranker,q19,unanswerable,True,1.0,1.0,1.0,1.0,1.0,1.0,13,12,98,98.0,0.037,search_kb
ablation,no_reranker,qwen2.5:3b,S2_full_agent:no_reranker,q20,unanswerable,True,1.0,1.0,1.0,0.0,1.0,0.8,7,10,17,17.0,0.0,
ablation,no_reranker,qwen2.5:3b,S2_full_agent:no_reranker,q21,unanswerable,True,1.0,1.0,1.0,1.0,1.0,1.0,11,12,93,93.0,0.036,search_kb
ablation,no_reranker,qwen2.5:3b,S2_full_agent:no_reranker,q22,unanswerable,True,1.0,1.0,1.0,0.0,1.0,0.8,9,9,18,18.0,0.0,
ablation,no_reranker,qwen2.5:3b,S2_full_agent:no_reranker,q23,unanswerable,True,1.0,1.0,1.0,0.0,1.0,0.8,8,12,20,20.0,0.0,
ablation,no_reranker,qwen2.5:3b,S2_full_agent:no_reranker,q24,unanswerable,True,1.0,1.0,1.0,0.0,1.0,0.8,7,9,16,16.0,0.0,
ablation,no_reranker,qwen2.5:3b,S2_full_agent:no_reranker,q25,adversarial,True,1.0,1.0,1.0,0.0,1.0,0.8,15,10,25,25.0,0.0,
ablation,no_reranker,qwen2.5:3b,S2_full_agent:no_reranker,q26,adversarial,True,0.0,0.0,0.0,1.0,0.0,0.2,11,9,214,214.0,0.135,"search_kb,search_kb,search_kb"
ablation,no_reranker,qwen2.5:3b,S2_full_agent:no_reranker,q27,adversarial,True,1.0,1.0,1.0,0.0,1.0,0.8,10,10,20,20.0,0.0,
ablation,no_reranker,qwen2.5:3b,S2_full_agent:no_reranker,q28,adversarial,True,1.0,1.0,1.0,0.0,1.0,0.8,9,13,22,22.0,0.0,
ablation,no_reranker,qwen2.5:3b,S2_full_agent:no_reranker,q29,adversarial,True,1.0,1.0,1.0,0.0,1.0,0.8,12,8,20,20.0,0.0,
ablation,no_reranker,qwen2.5:3b,S2_full_agent:no_reranker,q30,adversarial,True,1.0,1.0,1.0,0.0,1.0,0.8,9,8,17,17.0,0.0,
ablation,no_reranker,qwen2.5:3b,S2_full_agent:no_reranker,q31,answerable,True,0.0,0.0,0.0,1.0,0.0,0.2,11,9,244,244.0,0.135,"search_kb,search_kb,search_kb"
ablation,no_reranker,qwen2.5:3b,S2_full_agent:no_reranker,q32,answerable,True,0.0,0.0667,0.0,1.0,0.0,0.2133,13,9,236,236.0,0.135,"search_kb,search_kb,search_kb"
ablation,no_reranker,qwen2.5:3b,S2_full_agent:no_reranker,q33,answerable,False,1.0,1.0,1.0,1.0,1.0,1.0,17,4,25,25.0,0.0,calculator
ablation,no_reranker,qwen2.5:3b,S2_full_agent:no_reranker,q34,answerable,False,1.0,1.0,1.0,1.0,1.0,1.0,10,4,18,18.0,0.0,calculator
ablation,no_reranker,qwen2.5:3b,S2_full_agent:no_reranker,q35,answerable,False,0.5,1.0,0.0,1.0,1.0,0.7,8,34,152,152.0,0.036,"eurlex_fetch,search_kb"
ablation,no_reranker,qwen2.5:3b,S2_full_agent:no_reranker,q36,answerable,False,0.5,1.0,0.0,1.0,1.0,0.7,9,34,140,140.0,0.038,"eurlex_fetch,search_kb"
ablation,dense_only,qwen2.5:3b,S2_full_agent:dense_only,q01,answerable,False,0.5,0.0,0.0,1.0,1.0,0.5,15,76,219,219.0,14.204,"search_kb,search_kb"
ablation,dense_only,qwen2.5:3b,S2_full_agent:dense_only,q02,answerable,False,0.75,1.0,0.5,1.0,1.0,0.85,7,23,96,96.0,7.608,search_kb
ablation,dense_only,qwen2.5:3b,S2_full_agent:dense_only,q03,answerable,False,1.0,1.0,1.0,1.0,1.0,1.0,8,32,117,117.0,8.001,search_kb
ablation,dense_only,qwen2.5:3b,S2_full_agent:dense_only,q04,answerable,False,1.0,1.0,1.0,1.0,1.0,1.0,8,21,91,91.0,7.05,search_kb
ablation,dense_only,qwen2.5:3b,S2_full_agent:dense_only,q05,answerable,False,1.0,0.6667,1.0,1.0,1.0,0.9333,8,28,102,102.0,8.456,search_kb
ablation,dense_only,qwen2.5:3b,S2_full_agent:dense_only,q06,answerable,False,0.5,0.3333,0.0,1.0,1.0,0.5667,7,24,192,192.0,8.033,"search_kb,search_kb"
ablation,dense_only,qwen2.5:3b,S2_full_agent:dense_only,q07,answerable,False,1.0,0.6667,1.0,1.0,1.0,0.9333,8,28,97,97.0,7.514,search_kb
ablation,dense_only,qwen2.5:3b,S2_full_agent:dense_only,q08,answerable,False,0.75,0.3333,0.5,1.0,1.0,0.7167,9,28,97,97.0,7.099,search_kb
ablation,dense_only,qwen2.5:3b,S2_full_agent:dense_only,q09,answerable,False,1.0,1.0,1.0,1.0,1.0,1.0,10,21,93,93.0,7.147,search_kb
ablation,dense_only,qwen2.5:3b,S2_full_agent:dense_only,q10,answerable,False,0.5,0.0,0.0,1.0,1.0,0.5,4,23,97,97.0,4.734,search_kb
ablation,dense_only,qwen2.5:3b,S2_full_agent:dense_only,q11,multi_step,False,0.8333,0.0,0.6667,1.0,1.0,0.7,18,23,125,125.0,6.401,search_kb
ablation,dense_only,qwen2.5:3b,S2_full_agent:dense_only,q12,multi_step,False,0.75,0.5,0.5,1.0,1.0,0.75,10,23,183,183.0,14.517,"search_kb,search_kb"
ablation,dense_only,qwen2.5:3b,S2_full_agent:dense_only,q13,multi_step,False,0.5,0.25,0.0,1.0,1.0,0.55,14,28,124,124.0,4.992,search_kb
ablation,dense_only,qwen2.5:3b,S2_full_agent:dense_only,q14,multi_step,False,0.6667,1.0,0.3333,1.0,1.0,0.8,9,28,116,116.0,7.997,search_kb
ablation,dense_only,qwen2.5:3b,S2_full_agent:dense_only,q15,answerable,False,1.0,0.3333,1.0,1.0,1.0,0.8667,5,27,105,105.0,6.942,search_kb
ablation,dense_only,qwen2.5:3b,S2_full_agent:dense_only,q16,answerable,False,1.0,0.6667,1.0,1.0,1.0,0.9333,6,28,97,97.0,7.426,search_kb
ablation,dense_only,qwen2.5:3b,S2_full_agent:dense_only,q17,answerable,False,1.0,0.3333,1.0,1.0,1.0,0.8667,6,25,101,101.0,5.978,search_kb
ablation,dense_only,qwen2.5:3b,S2_full_agent:dense_only,q18,answerable,False,0.5,0.0,0.0,1.0,1.0,0.5,8,22,184,184.0,12.394,"search_kb,search_kb"
ablation,dense_only,qwen2.5:3b,S2_full_agent:dense_only,q19,unanswerable,True,1.0,1.0,1.0,1.0,1.0,1.0,13,12,103,103.0,2.115,search_kb
ablation,dense_only,qwen2.5:3b,S2_full_agent:dense_only,q20,unanswerable,True,1.0,1.0,1.0,0.0,1.0,0.8,7,10,17,17.0,0.001,
ablation,dense_only,qwen2.5:3b,S2_full_agent:dense_only,q21,unanswerable,True,1.0,1.0,1.0,1.0,1.0,1.0,11,12,71,71.0,7.434,search_kb
ablation,dense_only,qwen2.5:3b,S2_full_agent:dense_only,q22,unanswerable,True,1.0,1.0,1.0,0.0,1.0,0.8,9,9,18,18.0,0.0,
ablation,dense_only,qwen2.5:3b,S2_full_agent:dense_only,q23,unanswerable,True,1.0,1.0,1.0,0.0,1.0,0.8,8,12,20,20.0,0.0,
ablation,dense_only,qwen2.5:3b,S2_full_agent:dense_only,q24,unanswerable,True,1.0,1.0,1.0,0.0,1.0,0.8,7,9,16,16.0,0.0,
ablation,dense_only,qwen2.5:3b,S2_full_agent:dense_only,q25,adversarial,True,1.0,1.0,1.0,0.0,1.0,0.8,15,10,25,25.0,0.0,
ablation,dense_only,qwen2.5:3b,S2_full_agent:dense_only,q26,adversarial,False,0.75,0.3333,0.5,1.0,1.0,0.7167,11,25,113,113.0,6.028,search_kb
ablation,dense_only,qwen2.5:3b,S2_full_agent:dense_only,q27,adversarial,True,1.0,1.0,1.0,0.0,1.0,0.8,10,10,20,20.0,0.0,
ablation,dense_only,qwen2.5:3b,S2_full_agent:dense_only,q28,adversarial,True,1.0,1.0,1.0,0.0,1.0,0.8,9,13,22,22.0,0.0,
ablation,dense_only,qwen2.5:3b,S2_full_agent:dense_only,q29,adversarial,True,1.0,1.0,1.0,0.0,1.0,0.8,12,8,20,20.0,0.0,
ablation,dense_only,qwen2.5:3b,S2_full_agent:dense_only,q30,adversarial,True,1.0,1.0,1.0,0.0,1.0,0.8,9,8,17,17.0,0.0,
ablation,dense_only,qwen2.5:3b,S2_full_agent:dense_only,q31,answerable,True,0.0,0.0,0.0,1.0,0.0,0.2,11,9,248,248.0,15.751,"search_kb,search_kb,search_kb"
ablation,dense_only,qwen2.5:3b,S2_full_agent:dense_only,q32,answerable,False,1.0,0.6667,1.0,1.0,1.0,0.9333,13,28,107,107.0,7.989,search_kb
ablation,dense_only,qwen2.5:3b,S2_full_agent:dense_only,q33,answerable,False,1.0,1.0,1.0,1.0,1.0,1.0,17,4,25,25.0,0.001,calculator
ablation,dense_only,qwen2.5:3b,S2_full_agent:dense_only,q34,answerable,False,1.0,1.0,1.0,1.0,1.0,1.0,10,4,18,18.0,0.0,calculator
ablation,dense_only,qwen2.5:3b,S2_full_agent:dense_only,q35,answerable,False,0.5,1.0,0.0,1.0,1.0,0.7,8,34,151,151.0,7.139,"eurlex_fetch,search_kb"
ablation,dense_only,qwen2.5:3b,S2_full_agent:dense_only,q36,answerable,False,0.5,1.0,0.0,1.0,1.0,0.7,9,34,159,159.0,4.991,"eurlex_fetch,search_kb"
ablation,no_critic,qwen2.5:3b,S2_full_agent:no_critic,q01,answerable,False,0.75,0.0,0.5,1.0,1.0,0.65,15,68,157,157.0,0.039,search_kb
ablation,no_critic,qwen2.5:3b,S2_full_agent:no_critic,q02,answerable,False,0.75,1.0,0.5,1.0,1.0,0.85,7,23,94,94.0,0.039,search_kb
ablation,no_critic,qwen2.5:3b,S2_full_agent:no_critic,q03,answerable,False,1.0,1.0,1.0,1.0,1.0,1.0,8,32,119,119.0,0.042,search_kb
ablation,no_critic,qwen2.5:3b,S2_full_agent:no_critic,q04,answerable,False,1.0,1.0,1.0,1.0,1.0,1.0,8,21,90,90.0,0.039,search_kb
ablation,no_critic,qwen2.5:3b,S2_full_agent:no_critic,q05,answerable,False,1.0,0.6667,1.0,1.0,1.0,0.9333,8,28,101,101.0,0.038,search_kb
ablation,no_critic,qwen2.5:3b,S2_full_agent:no_critic,q06,answerable,False,0.75,0.3333,0.5,1.0,1.0,0.7167,7,24,88,88.0,0.04,search_kb
ablation,no_critic,qwen2.5:3b,S2_full_agent:no_critic,q07,answerable,False,1.0,0.6667,1.0,1.0,1.0,0.9333,8,28,100,100.0,0.041,search_kb
ablation,no_critic,qwen2.5:3b,S2_full_agent:no_critic,q08,answerable,False,1.0,0.3333,1.0,1.0,1.0,0.8667,9,28,102,102.0,0.039,search_kb
ablation,no_critic,qwen2.5:3b,S2_full_agent:no_critic,q09,answerable,False,1.0,1.0,1.0,1.0,1.0,1.0,10,21,92,92.0,0.04,search_kb
ablation,no_critic,qwen2.5:3b,S2_full_agent:no_critic,q10,answerable,False,1.0,0.0,1.0,1.0,1.0,0.8,4,23,98,98.0,0.036,search_kb
ablation,no_critic,qwen2.5:3b,S2_full_agent:no_critic,q11,multi_step,False,0.8333,0.0,0.6667,1.0,1.0,0.7,18,23,124,124.0,0.04,search_kb
ablation,no_critic,qwen2.5:3b,S2_full_agent:no_critic,q12,multi_step,False,0.5,0.5,0.0,1.0,1.0,0.6,10,23,109,109.0,0.04,search_kb
ablation,no_critic,qwen2.5:3b,S2_full_agent:no_critic,q13,multi_step,False,1.0,0.25,1.0,1.0,1.0,0.85,14,28,123,123.0,0.041,search_kb
ablation,no_critic,qwen2.5:3b,S2_full_agent:no_critic,q14,multi_step,False,0.6667,1.0,0.3333,1.0,1.0,0.8,9,28,109,109.0,0.041,search_kb
ablation,no_critic,qwen2.5:3b,S2_full_agent:no_critic,q15,answerable,False,1.0,0.3333,1.0,1.0,1.0,0.8667,5,27,104,104.0,0.039,search_kb
ablation,no_critic,qwen2.5:3b,S2_full_agent:no_critic,q16,answerable,False,1.0,0.6667,1.0,1.0,1.0,0.9333,6,28,97,97.0,0.039,search_kb
ablation,no_critic,qwen2.5:3b,S2_full_agent:no_critic,q17,answerable,False,1.0,0.3333,1.0,1.0,1.0,0.8667,6,25,99,99.0,0.04,search_kb
ablation,no_critic,qwen2.5:3b,S2_full_agent:no_critic,q18,answerable,False,0.5,0.0,0.0,1.0,1.0,0.5,8,22,101,101.0,0.038,search_kb
ablation,no_critic,qwen2.5:3b,S2_full_agent:no_critic,q19,unanswerable,True,1.0,1.0,1.0,1.0,1.0,1.0,13,12,98,98.0,0.04,search_kb
ablation,no_critic,qwen2.5:3b,S2_full_agent:no_critic,q20,unanswerable,True,1.0,1.0,1.0,0.0,1.0,0.8,7,10,17,17.0,0.0,
ablation,no_critic,qwen2.5:3b,S2_full_agent:no_critic,q21,unanswerable,True,1.0,1.0,1.0,1.0,1.0,1.0,11,12,100,100.0,0.039,search_kb
ablation,no_critic,qwen2.5:3b,S2_full_agent:no_critic,q22,unanswerable,True,1.0,1.0,1.0,0.0,1.0,0.8,9,9,18,18.0,0.0,
ablation,no_critic,qwen2.5:3b,S2_full_agent:no_critic,q23,unanswerable,True,1.0,1.0,1.0,0.0,1.0,0.8,8,12,20,20.0,0.0,
ablation,no_critic,qwen2.5:3b,S2_full_agent:no_critic,q24,unanswerable,True,1.0,1.0,1.0,0.0,1.0,0.8,7,9,16,16.0,0.0,
ablation,no_critic,qwen2.5:3b,S2_full_agent:no_critic,q25,adversarial,True,1.0,1.0,1.0,0.0,1.0,0.8,15,10,25,25.0,0.0,
ablation,no_critic,qwen2.5:3b,S2_full_agent:no_critic,q26,adversarial,False,0.75,0.3333,0.5,1.0,1.0,0.7167,11,25,106,106.0,0.039,search_kb
ablation,no_critic,qwen2.5:3b,S2_full_agent:no_critic,q27,adversarial,True,1.0,1.0,1.0,0.0,1.0,0.8,10,10,20,20.0,0.0,
ablation,no_critic,qwen2.5:3b,S2_full_agent:no_critic,q28,adversarial,True,1.0,1.0,1.0,0.0,1.0,0.8,9,13,22,22.0,0.0,
ablation,no_critic,qwen2.5:3b,S2_full_agent:no_critic,q29,adversarial,True,1.0,1.0,1.0,0.0,1.0,0.8,12,8,20,20.0,0.0,
ablation,no_critic,qwen2.5:3b,S2_full_agent:no_critic,q30,adversarial,True,1.0,1.0,1.0,0.0,1.0,0.8,9,8,17,17.0,0.0,
ablation,no_critic,qwen2.5:3b,S2_full_agent:no_critic,q31,answerable,False,0.75,0.6667,0.5,1.0,1.0,0.7833,11,29,118,118.0,0.039,search_kb
ablation,no_critic,qwen2.5:3b,S2_full_agent:no_critic,q32,answerable,False,1.0,0.6667,1.0,1.0,1.0,0.9333,13,28,107,107.0,0.039,search_kb
ablation,no_critic,qwen2.5:3b,S2_full_agent:no_critic,q33,answerable,False,1.0,1.0,1.0,1.0,1.0,1.0,17,4,25,25.0,0.0,calculator
ablation,no_critic,qwen2.5:3b,S2_full_agent:no_critic,q34,answerable,False,1.0,1.0,1.0,1.0,1.0,1.0,10,4,18,18.0,0.0,calculator
ablation,no_critic,qwen2.5:3b,S2_full_agent:no_critic,q35,answerable,False,0.5,1.0,0.0,1.0,1.0,0.7,8,34,152,152.0,0.04,"eurlex_fetch,search_kb"
ablation,no_critic,qwen2.5:3b,S2_full_agent:no_critic,q36,answerable,False,0.5,1.0,0.0,1.0,1.0,0.7,9,34,142,142.0,0.038,"eurlex_fetch,search_kb"
ablation,no_structured_output,qwen2.5:3b,S2_full_agent:no_structured_output,q01,answerable,True,0.0,0.05,0.0,1.0,0.0,0.21,15,9,233,233.0,9.142,"search_kb,search_kb,search_kb"
ablation,no_structured_output,qwen2.5:3b,S2_full_agent:no_structured_output,q02,answerable,True,0.0,0.0,0.0,1.0,0.0,0.2,7,9,217,217.0,7.45,"search_kb,search_kb,search_kb"
ablation,no_structured_output,qwen2.5:3b,S2_full_agent:no_structured_output,q03,answerable,True,0.0,0.0,0.0,1.0,0.0,0.2,8,9,249,249.0,10.887,"search_kb,search_kb,search_kb"
ablation,no_structured_output,qwen2.5:3b,S2_full_agent:no_structured_output,q04,answerable,True,0.0,0.0,0.0,1.0,0.0,0.2,8,9,200,200.0,11.433,"search_kb,search_kb,search_kb"
ablation,no_structured_output,qwen2.5:3b,S2_full_agent:no_structured_output,q05,answerable,True,0.0,0.0,0.0,1.0,0.0,0.2,8,9,230,230.0,16.316,"search_kb,search_kb,search_kb"
ablation,no_structured_output,qwen2.5:3b,S2_full_agent:no_structured_output,q06,answerable,True,0.0,0.0,0.0,1.0,0.0,0.2,7,9,187,187.0,16.63,"search_kb,search_kb,search_kb"
ablation,no_structured_output,qwen2.5:3b,S2_full_agent:no_structured_output,q07,answerable,True,0.0,0.0,0.0,1.0,0.0,0.2,8,9,213,213.0,16.778,"search_kb,search_kb,search_kb"
ablation,no_structured_output,qwen2.5:3b,S2_full_agent:no_structured_output,q08,answerable,True,0.0,0.0,0.0,1.0,0.0,0.2,9,9,203,203.0,15.383,"search_kb,search_kb,search_kb"
ablation,no_structured_output,qwen2.5:3b,S2_full_agent:no_structured_output,q09,answerable,True,0.0,0.0,0.0,1.0,0.0,0.2,10,9,205,205.0,13.927,"search_kb,search_kb,search_kb"
ablation,no_structured_output,qwen2.5:3b,S2_full_agent:no_structured_output,q10,answerable,True,0.0,0.0,0.0,1.0,0.0,0.2,4,9,215,215.0,12.176,"search_kb,search_kb,search_kb"
ablation,no_structured_output,qwen2.5:3b,S2_full_agent:no_structured_output,q11,multi_step,True,0.0,0.0,0.0,1.0,0.0,0.2,18,9,277,277.0,9.246,"search_kb,search_kb,search_kb"
ablation,no_structured_output,qwen2.5:3b,S2_full_agent:no_structured_output,q12,multi_step,True,0.0,0.0,0.0,1.0,0.0,0.2,10,9,254,254.0,8.668,"search_kb,search_kb,search_kb"
ablation,no_structured_output,qwen2.5:3b,S2_full_agent:no_structured_output,q13,multi_step,True,0.0,0.0,0.0,1.0,0.0,0.2,14,9,247,247.0,8.531,"search_kb,search_kb,search_kb"
ablation,no_structured_output,qwen2.5:3b,S2_full_agent:no_structured_output,q14,multi_step,True,0.0,0.0,0.0,1.0,0.0,0.2,9,9,236,236.0,15.548,"search_kb,search_kb,search_kb"
ablation,no_structured_output,qwen2.5:3b,S2_full_agent:no_structured_output,q15,answerable,True,0.0,0.0,0.0,1.0,0.0,0.2,5,9,230,230.0,12.094,"search_kb,search_kb,search_kb"
ablation,no_structured_output,qwen2.5:3b,S2_full_agent:no_structured_output,q16,answerable,True,0.0,0.0,0.0,1.0,0.0,0.2,6,9,200,200.0,13.79,"search_kb,search_kb,search_kb"
ablation,no_structured_output,qwen2.5:3b,S2_full_agent:no_structured_output,q17,answerable,True,0.0,0.0,0.0,1.0,0.0,0.2,6,9,227,227.0,12.439,"search_kb,search_kb,search_kb"
ablation,no_structured_output,qwen2.5:3b,S2_full_agent:no_structured_output,q18,answerable,True,0.0,0.0,0.0,1.0,0.0,0.2,8,9,233,233.0,7.848,"search_kb,search_kb,search_kb"
ablation,no_structured_output,qwen2.5:3b,S2_full_agent:no_structured_output,q19,unanswerable,True,1.0,1.0,1.0,1.0,1.0,1.0,13,12,98,98.0,0.04,search_kb
ablation,no_structured_output,qwen2.5:3b,S2_full_agent:no_structured_output,q20,unanswerable,True,1.0,1.0,1.0,0.0,1.0,0.8,7,10,17,17.0,0.0,
ablation,no_structured_output,qwen2.5:3b,S2_full_agent:no_structured_output,q21,unanswerable,True,1.0,1.0,1.0,1.0,1.0,1.0,11,12,100,100.0,0.044,search_kb
ablation,no_structured_output,qwen2.5:3b,S2_full_agent:no_structured_output,q22,unanswerable,True,1.0,1.0,1.0,0.0,1.0,0.8,9,9,18,18.0,0.0,
ablation,no_structured_output,qwen2.5:3b,S2_full_agent:no_structured_output,q23,unanswerable,True,1.0,1.0,1.0,0.0,1.0,0.8,8,12,20,20.0,0.001,
ablation,no_structured_output,qwen2.5:3b,S2_full_agent:no_structured_output,q24,unanswerable,True,1.0,1.0,1.0,0.0,1.0,0.8,7,9,16,16.0,0.0,
ablation,no_structured_output,qwen2.5:3b,S2_full_agent:no_structured_output,q25,adversarial,True,1.0,1.0,1.0,0.0,1.0,0.8,15,10,25,25.0,0.0,
ablation,no_structured_output,qwen2.5:3b,S2_full_agent:no_structured_output,q26,adversarial,True,0.0,0.0,0.0,1.0,0.0,0.2,11,9,254,254.0,10.766,"search_kb,search_kb,search_kb"
ablation,no_structured_output,qwen2.5:3b,S2_full_agent:no_structured_output,q27,adversarial,True,1.0,1.0,1.0,0.0,1.0,0.8,10,10,20,20.0,0.0,
ablation,no_structured_output,qwen2.5:3b,S2_full_agent:no_structured_output,q28,adversarial,True,1.0,1.0,1.0,0.0,1.0,0.8,9,13,22,22.0,0.0,
ablation,no_structured_output,qwen2.5:3b,S2_full_agent:no_structured_output,q29,adversarial,True,1.0,1.0,1.0,0.0,1.0,0.8,12,8,20,20.0,0.0,
ablation,no_structured_output,qwen2.5:3b,S2_full_agent:no_structured_output,q30,adversarial,True,1.0,1.0,1.0,0.0,1.0,0.8,9,8,17,17.0,0.0,
ablation,no_structured_output,qwen2.5:3b,S2_full_agent:no_structured_output,q31,answerable,True,0.0,0.0,0.0,1.0,0.0,0.2,11,9,250,250.0,9.68,"search_kb,search_kb,search_kb"
ablation,no_structured_output,qwen2.5:3b,S2_full_agent:no_structured_output,q32,answerable,True,0.0,0.0,0.0,1.0,0.0,0.2,13,9,178,178.0,17.972,"search_kb,search_kb,search_kb"
ablation,no_structured_output,qwen2.5:3b,S2_full_agent:no_structured_output,q33,answerable,False,1.0,1.0,1.0,1.0,1.0,1.0,17,4,25,25.0,0.0,calculator
ablation,no_structured_output,qwen2.5:3b,S2_full_agent:no_structured_output,q34,answerable,False,1.0,1.0,1.0,1.0,1.0,1.0,10,4,18,18.0,0.0,calculator
ablation,no_structured_output,qwen2.5:3b,S2_full_agent:no_structured_output,q35,answerable,False,0.0,1.0,0.0,1.0,1.0,0.6,8,29,147,147.0,0.04,"eurlex_fetch,search_kb"
ablation,no_structured_output,qwen2.5:3b,S2_full_agent:no_structured_output,q36,answerable,False,0.0,1.0,0.0,1.0,1.0,0.6,9,29,137,137.0,0.039,"eurlex_fetch,search_kb"
pareto,qwen2.5:3b,qwen2.5:3b,S2_full_agent:full,q01,answerable,False,0.75,0.0,0.5,1.0,1.0,0.65,15,68,235,235.0,0.082,"search_kb,search_kb"
pareto,qwen2.5:3b,qwen2.5:3b,S2_full_agent:full,q02,answerable,False,0.75,1.0,0.5,1.0,1.0,0.85,7,23,94,94.0,0.038,search_kb
pareto,qwen2.5:3b,qwen2.5:3b,S2_full_agent:full,q03,answerable,False,1.0,1.0,1.0,1.0,1.0,1.0,8,32,119,119.0,0.042,search_kb
pareto,qwen2.5:3b,qwen2.5:3b,S2_full_agent:full,q04,answerable,False,1.0,1.0,1.0,1.0,1.0,1.0,8,21,90,90.0,0.039,search_kb
pareto,qwen2.5:3b,qwen2.5:3b,S2_full_agent:full,q05,answerable,False,1.0,0.6667,1.0,1.0,1.0,0.9333,8,28,101,101.0,0.039,search_kb
pareto,qwen2.5:3b,qwen2.5:3b,S2_full_agent:full,q06,answerable,False,0.75,0.3333,0.5,1.0,1.0,0.7167,7,24,88,88.0,0.038,search_kb
pareto,qwen2.5:3b,qwen2.5:3b,S2_full_agent:full,q07,answerable,False,1.0,0.6667,1.0,1.0,1.0,0.9333,8,28,100,100.0,0.04,search_kb
pareto,qwen2.5:3b,qwen2.5:3b,S2_full_agent:full,q08,answerable,False,1.0,0.3333,1.0,1.0,1.0,0.8667,9,28,102,102.0,0.04,search_kb
pareto,qwen2.5:3b,qwen2.5:3b,S2_full_agent:full,q09,answerable,False,1.0,1.0,1.0,1.0,1.0,1.0,10,21,92,92.0,0.04,search_kb
pareto,qwen2.5:3b,qwen2.5:3b,S2_full_agent:full,q10,answerable,False,1.0,0.0,1.0,1.0,1.0,0.8,4,23,98,98.0,0.037,search_kb
pareto,qwen2.5:3b,qwen2.5:3b,S2_full_agent:full,q11,multi_step,False,0.8333,0.0,0.6667,1.0,1.0,0.7,18,23,124,124.0,0.041,search_kb
pareto,qwen2.5:3b,qwen2.5:3b,S2_full_agent:full,q12,multi_step,False,0.5,0.5,0.0,1.0,1.0,0.6,10,23,109,109.0,0.039,search_kb
pareto,qwen2.5:3b,qwen2.5:3b,S2_full_agent:full,q13,multi_step,False,1.0,0.25,1.0,1.0,1.0,0.85,14,28,123,123.0,0.042,search_kb
pareto,qwen2.5:3b,qwen2.5:3b,S2_full_agent:full,q14,multi_step,False,0.6667,1.0,0.3333,1.0,1.0,0.8,9,28,109,109.0,0.042,search_kb
pareto,qwen2.5:3b,qwen2.5:3b,S2_full_agent:full,q15,answerable,False,1.0,0.3333,1.0,1.0,1.0,0.8667,5,27,104,104.0,0.038,search_kb
pareto,qwen2.5:3b,qwen2.5:3b,S2_full_agent:full,q16,answerable,False,1.0,0.6667,1.0,1.0,1.0,0.9333,6,28,97,97.0,0.04,search_kb
pareto,qwen2.5:3b,qwen2.5:3b,S2_full_agent:full,q17,answerable,False,1.0,0.3333,1.0,1.0,1.0,0.8667,6,25,99,99.0,0.04,search_kb
pareto,qwen2.5:3b,qwen2.5:3b,S2_full_agent:full,q18,answerable,False,0.5,0.0,0.0,1.0,1.0,0.5,8,22,173,173.0,0.079,"search_kb,search_kb"
pareto,qwen2.5:3b,qwen2.5:3b,S2_full_agent:full,q19,unanswerable,True,1.0,1.0,1.0,1.0,1.0,1.0,13,12,98,98.0,0.039,search_kb
pareto,qwen2.5:3b,qwen2.5:3b,S2_full_agent:full,q20,unanswerable,True,1.0,1.0,1.0,0.0,1.0,0.8,7,10,17,17.0,0.0,
pareto,qwen2.5:3b,qwen2.5:3b,S2_full_agent:full,q21,unanswerable,True,1.0,1.0,1.0,1.0,1.0,1.0,11,12,100,100.0,0.04,search_kb
pareto,qwen2.5:3b,qwen2.5:3b,S2_full_agent:full,q22,unanswerable,True,1.0,1.0,1.0,0.0,1.0,0.8,9,9,18,18.0,0.0,
pareto,qwen2.5:3b,qwen2.5:3b,S2_full_agent:full,q23,unanswerable,True,1.0,1.0,1.0,0.0,1.0,0.8,8,12,20,20.0,0.0,
pareto,qwen2.5:3b,qwen2.5:3b,S2_full_agent:full,q24,unanswerable,True,1.0,1.0,1.0,0.0,1.0,0.8,7,9,16,16.0,0.0,
pareto,qwen2.5:3b,qwen2.5:3b,S2_full_agent:full,q25,adversarial,True,1.0,1.0,1.0,0.0,1.0,0.8,15,10,25,25.0,0.0,
pareto,qwen2.5:3b,qwen2.5:3b,S2_full_agent:full,q26,adversarial,False,0.75,0.3333,0.5,1.0,1.0,0.7167,11,25,106,106.0,0.039,search_kb
pareto,qwen2.5:3b,qwen2.5:3b,S2_full_agent:full,q27,adversarial,True,1.0,1.0,1.0,0.0,1.0,0.8,10,10,20,20.0,0.0,
pareto,qwen2.5:3b,qwen2.5:3b,S2_full_agent:full,q28,adversarial,True,1.0,1.0,1.0,0.0,1.0,0.8,9,13,22,22.0,0.0,
pareto,qwen2.5:3b,qwen2.5:3b,S2_full_agent:full,q29,adversarial,True,1.0,1.0,1.0,0.0,1.0,0.8,12,8,20,20.0,0.0,
pareto,qwen2.5:3b,qwen2.5:3b,S2_full_agent:full,q30,adversarial,True,1.0,1.0,1.0,0.0,1.0,0.8,9,8,17,17.0,0.0,
pareto,qwen2.5:3b,qwen2.5:3b,S2_full_agent:full,q31,answerable,False,0.75,0.6667,0.5,1.0,1.0,0.7833,11,29,118,118.0,0.042,search_kb
pareto,qwen2.5:3b,qwen2.5:3b,S2_full_agent:full,q32,answerable,False,1.0,0.6667,1.0,1.0,1.0,0.9333,13,28,107,107.0,0.039,search_kb
pareto,qwen2.5:3b,qwen2.5:3b,S2_full_agent:full,q33,answerable,False,1.0,1.0,1.0,1.0,1.0,1.0,17,4,25,25.0,0.001,calculator
pareto,qwen2.5:3b,qwen2.5:3b,S2_full_agent:full,q34,answerable,False,1.0,1.0,1.0,1.0,1.0,1.0,10,4,18,18.0,0.0,calculator
pareto,qwen2.5:3b,qwen2.5:3b,S2_full_agent:full,q35,answerable,False,0.5,1.0,0.0,1.0,1.0,0.7,8,34,152,152.0,0.039,"eurlex_fetch,search_kb"
pareto,qwen2.5:3b,qwen2.5:3b,S2_full_agent:full,q36,answerable,False,0.5,1.0,0.0,1.0,1.0,0.7,9,34,142,142.0,0.039,"eurlex_fetch,search_kb"
pareto,qwen2.5:7b,qwen2.5:7b,S2_full_agent:full,q01,answerable,False,0.75,0.0,0.5,1.0,1.0,0.65,15,68,235,540.5,0.084,"search_kb,search_kb"
pareto,qwen2.5:7b,qwen2.5:7b,S2_full_agent:full,q02,answerable,False,0.75,1.0,0.5,1.0,1.0,0.85,7,23,94,216.2,0.038,search_kb
pareto,qwen2.5:7b,qwen2.5:7b,S2_full_agent:full,q03,answerable,False,1.0,1.0,1.0,1.0,1.0,1.0,8,32,119,273.7,0.043,search_kb
pareto,qwen2.5:7b,qwen2.5:7b,S2_full_agent:full,q04,answerable,False,1.0,1.0,1.0,1.0,1.0,1.0,8,21,90,207.0,0.038,search_kb
pareto,qwen2.5:7b,qwen2.5:7b,S2_full_agent:full,q05,answerable,False,1.0,0.6667,1.0,1.0,1.0,0.9333,8,28,101,232.3,0.038,search_kb
pareto,qwen2.5:7b,qwen2.5:7b,S2_full_agent:full,q06,answerable,False,0.75,0.3333,0.5,1.0,1.0,0.7167,7,24,88,202.4,0.038,search_kb
pareto,qwen2.5:7b,qwen2.5:7b,S2_full_agent:full,q07,answerable,False,1.0,0.6667,1.0,1.0,1.0,0.9333,8,28,100,230.0,0.041,search_kb
pareto,qwen2.5:7b,qwen2.5:7b,S2_full_agent:full,q08,answerable,False,1.0,0.3333,1.0,1.0,1.0,0.8667,9,28,102,234.6,0.041,search_kb
pareto,qwen2.5:7b,qwen2.5:7b,S2_full_agent:full,q09,answerable,False,1.0,1.0,1.0,1.0,1.0,1.0,10,21,92,211.6,0.04,search_kb
pareto,qwen2.5:7b,qwen2.5:7b,S2_full_agent:full,q10,answerable,False,1.0,0.0,1.0,1.0,1.0,0.8,4,23,98,225.4,0.037,search_kb
pareto,qwen2.5:7b,qwen2.5:7b,S2_full_agent:full,q11,multi_step,False,0.8333,0.0,0.6667,1.0,1.0,0.7,18,23,124,285.2,0.041,search_kb
pareto,qwen2.5:7b,qwen2.5:7b,S2_full_agent:full,q12,multi_step,False,0.5,0.5,0.0,1.0,1.0,0.6,10,23,109,250.7,0.039,search_kb
pareto,qwen2.5:7b,qwen2.5:7b,S2_full_agent:full,q13,multi_step,False,1.0,0.25,1.0,1.0,1.0,0.85,14,28,123,282.9,0.042,search_kb
pareto,qwen2.5:7b,qwen2.5:7b,S2_full_agent:full,q14,multi_step,False,0.6667,1.0,0.3333,1.0,1.0,0.8,9,28,109,250.7,0.041,search_kb
pareto,qwen2.5:7b,qwen2.5:7b,S2_full_agent:full,q15,answerable,False,1.0,0.3333,1.0,1.0,1.0,0.8667,5,27,104,239.2,0.039,search_kb
pareto,qwen2.5:7b,qwen2.5:7b,S2_full_agent:full,q16,answerable,False,1.0,0.6667,1.0,1.0,1.0,0.9333,6,28,97,223.1,0.04,search_kb
pareto,qwen2.5:7b,qwen2.5:7b,S2_full_agent:full,q17,answerable,False,1.0,0.3333,1.0,1.0,1.0,0.8667,6,25,99,227.7,0.04,search_kb
pareto,qwen2.5:7b,qwen2.5:7b,S2_full_agent:full,q18,answerable,False,0.5,0.0,0.0,1.0,1.0,0.5,8,22,173,397.9,0.078,"search_kb,search_kb"
pareto,qwen2.5:7b,qwen2.5:7b,S2_full_agent:full,q19,unanswerable,True,1.0,1.0,1.0,1.0,1.0,1.0,13,12,98,225.4,0.039,search_kb
pareto,qwen2.5:7b,qwen2.5:7b,S2_full_agent:full,q20,unanswerable,True,1.0,1.0,1.0,0.0,1.0,0.8,7,10,17,39.1,0.0,
pareto,qwen2.5:7b,qwen2.5:7b,S2_full_agent:full,q21,unanswerable,True,1.0,1.0,1.0,1.0,1.0,1.0,11,12,100,230.0,0.04,search_kb
pareto,qwen2.5:7b,qwen2.5:7b,S2_full_agent:full,q22,unanswerable,True,1.0,1.0,1.0,0.0,1.0,0.8,9,9,18,41.4,0.0,
pareto,qwen2.5:7b,qwen2.5:7b,S2_full_agent:full,q23,unanswerable,True,1.0,1.0,1.0,0.0,1.0,0.8,8,12,20,46.0,0.0,
pareto,qwen2.5:7b,qwen2.5:7b,S2_full_agent:full,q24,unanswerable,True,1.0,1.0,1.0,0.0,1.0,0.8,7,9,16,36.8,0.0,
pareto,qwen2.5:7b,qwen2.5:7b,S2_full_agent:full,q25,adversarial,True,1.0,1.0,1.0,0.0,1.0,0.8,15,10,25,57.5,0.0,
pareto,qwen2.5:7b,qwen2.5:7b,S2_full_agent:full,q26,adversarial,False,0.75,0.3333,0.5,1.0,1.0,0.7167,11,25,106,243.8,0.04,search_kb
pareto,qwen2.5:7b,qwen2.5:7b,S2_full_agent:full,q27,adversarial,True,1.0,1.0,1.0,0.0,1.0,0.8,10,10,20,46.0,0.0,
pareto,qwen2.5:7b,qwen2.5:7b,S2_full_agent:full,q28,adversarial,True,1.0,1.0,1.0,0.0,1.0,0.8,9,13,22,50.6,0.0,
pareto,qwen2.5:7b,qwen2.5:7b,S2_full_agent:full,q29,adversarial,True,1.0,1.0,1.0,0.0,1.0,0.8,12,8,20,46.0,0.0,
pareto,qwen2.5:7b,qwen2.5:7b,S2_full_agent:full,q30,adversarial,True,1.0,1.0,1.0,0.0,1.0,0.8,9,8,17,39.1,0.0,
pareto,qwen2.5:7b,qwen2.5:7b,S2_full_agent:full,q31,answerable,False,0.75,0.6667,0.5,1.0,1.0,0.7833,11,29,118,271.4,0.039,search_kb
pareto,qwen2.5:7b,qwen2.5:7b,S2_full_agent:full,q32,answerable,False,1.0,0.6667,1.0,1.0,1.0,0.9333,13,28,107,246.1,0.039,search_kb
pareto,qwen2.5:7b,qwen2.5:7b,S2_full_agent:full,q33,answerable,False,1.0,1.0,1.0,1.0,1.0,1.0,17,4,25,57.5,0.0,calculator
pareto,qwen2.5:7b,qwen2.5:7b,S2_full_agent:full,q34,answerable,False,1.0,1.0,1.0,1.0,1.0,1.0,10,4,18,41.4,0.0,calculator
pareto,qwen2.5:7b,qwen2.5:7b,S2_full_agent:full,q35,answerable,False,0.5,1.0,0.0,1.0,1.0,0.7,8,34,152,349.6,0.04,"eurlex_fetch,search_kb"
pareto,qwen2.5:7b,qwen2.5:7b,S2_full_agent:full,q36,answerable,False,0.5,1.0,0.0,1.0,1.0,0.7,9,34,142,326.6,0.04,"eurlex_fetch,search_kb"
